{"cameraMode":{"drawMode":0,"name":"Shaded","section":"Shading Mode"},"sceneLighting":false,"audioPlay":false,"sceneViewState":{"showFog":false,"showMaterialUpdate":false,"showSkybox":false,"showFlares":false,"showImageEffects":true,"showParticleSystems":true},"in2DMode":false,"pivot":{"x":-22.416748046875,"y":-51.985496520996097,"z":10.476547241210938},"rotation":{"x":0.09267700463533402,"y":-0.6065492630004883,"z":0.07148311287164688,"w":0.7863836288452148},"size":545.9918212890625,"orthographic":false}